Release Date,Release Title,Release Type,Artist,Track Title,Duration,ISRC
2019-09-09,Stutter to stammer,EP,Zazie Productions,Cheaper Impressions,4:29,QZHNA2257492
2019-09-09,Stutter to stammer,EP,Zazie Productions,Erhu's Vacuum Expansion,2:53,QZHNA2257490
2019-09-09,Stutter to stammer,EP,Zazie Productions,List of Russian Spies on Wikipedia,2:34,QZHNA2257489
2019-09-09,Stutter to stammer,EP,Zazie Productions,Stutter Me Not (Outro),2:04,QZHNA2257493
2019-09-09,Stutter to stammer,EP,Zazie Productions,Subliminal Failures,3:05,QZHNA2257491
2020-03-20,Sellotape,Album,Zazie Productions,A Cryptic Epilogue,2:37,QZK6Q2297872
2020-03-20,Sellotape,Album,Zazie Productions,Organized Chaos,2:30,QZK6Q2297871
2020-03-20,Sellotape,Album,Zazie Productions,Outro,0:39,QZK6Q2297874
2020-03-20,Sellotape,Album,Zazie Productions,Rapscallions,1:21,QZK6Q2297867
2020-03-20,Sellotape,Album,Zazie Productions,Song for Phillip Glass and Moondog,1:55,QZK6Q2297868
2020-03-20,Sellotape,Album,Zazie Productions,The Dismal Movie Scene,2:42,QZK6Q2297873
2020-03-20,Sellotape,Album,Zazie Productions,Ulam Spiral No. 1,3:24,QZK6Q2297869
2020-03-20,Sellotape,Album,Zazie Productions,Ulam Spiral No. 2,2:26,QZK6Q2297870
2021-05-19,Interference Archive 01010101,EP,Zazie Productions,Beneath Mecury,5:07,N/A
2021-05-19,Interference Archive 01010101,EP,Zazie Productions,Dance Dance Immolation,2:16,N/A
2021-05-19,Interference Archive 01010101,EP,Zazie Productions,Guru Meditation Error,5:00,N/A
2021-05-19,Interference Archive 01010101,EP,Zazie Productions,Klerkdorp Sphere 3.1415,1:39,N/A
2021-05-19,Interference Archive 01010101,EP,Zazie Productions,Timeless Retro Splurge,2:16,N/A
2022-05-06,Constrained Capacity,Album,Zazie Productions,Clan of the Rats,2:13,QZHNA2215348
2022-05-06,Constrained Capacity,Album,Zazie Productions,Drill & Plastic Bag Variation,3:32,QZHNA2215350
2022-05-06,Constrained Capacity,Album,Zazie Productions,Easy Concessions,1:28,QZHNA2215347
2022-05-06,Constrained Capacity,Album,Zazie Productions,Hyperfixation Simulation,1:54,QZHNA2215346
2022-05-06,Constrained Capacity,Album,Zazie Productions,Monachopsis,1:27,QZHNA2215353
2022-05-06,Constrained Capacity,Album,Zazie Productions,Paranormal Woodland Incident of 03/03/22,1:03,QZHNA2215349
2022-05-06,Constrained Capacity,Album,Zazie Productions,Pyrogenesis,1:43,QZHNA2215345
2022-05-06,Constrained Capacity,Album,Zazie Productions,"Somewhere, somehow",2:16,QZHNA2215352
2022-05-06,Constrained Capacity,Album,Zazie Productions,Soundscape of 0/11/2022 (Bonus Track),1:55,QZHNA2215354
2022-05-06,Constrained Capacity,Album,Zazie Productions,Vlad The Impaler,1:18,QZHNA2215351
2022-07-01,Well Meaning Neurotypicals,Single,Zazie Productions,Well Meaning Neurotypicals,5:05,QZK6H2238630
2022-07-01,Well Meaning Neurotypicals,Single,Zazie Productions,Well Meaning Neurotypicals (Low Sensory Instrumental),5:01,QZK6H2238631
2022-08-03,Anything Can Happen On An Electric Day,EP,Zazie Productions,Apparition: Blip Era,5:17,N/A
2022-08-03,Anything Can Happen On An Electric Day,EP,Zazie Productions,Corporate Mindfulness Training™,3:38,N/A
2022-08-03,Anything Can Happen On An Electric Day,EP,Zazie Productions,From Cliffs of Anhedonia,3:36,N/A
2022-08-03,Anything Can Happen On An Electric Day,EP,Zazie Productions,No One Can Serve Two Masters,3:38,N/A
2022-08-03,Anything Can Happen On An Electric Day,EP,Zazie Productions,Stunning That You'd Care,1:53,N/A
2022-10-17,The Triangular Savant,EP,Zazie Productions,Anti-Sanity Phase,5:16,N/A
2022-10-17,The Triangular Savant,EP,Zazie Productions,Optical Illusion Insurance,2:04,N/A
2022-10-17,The Triangular Savant,EP,Zazie Productions,Pyrrhic Victory,7:43,N/A
2022-10-17,The Triangular Savant,EP,Zazie Productions,Sloop John B,3:31,N/A
2022-10-17,The Triangular Savant,EP,Zazie Productions,Smell of Bleach,2:06,N/A
2022-10-17,The Triangular Savant,EP,Zazie Productions,Succumbing To Hollywood Complacency,6:04,N/A
2023-02-10,Distant Bells For Surgical Minds,EP,Zazie Productions,A Penny For Your Tragic Joke,4:20,QZDA52378039
2023-02-10,Distant Bells For Surgical Minds,EP,Zazie Productions,Lobotomies To Rhinoceros Horns,5:36,QZDA52378040
2023-02-10,Distant Bells For Surgical Minds,EP,Zazie Productions,Pseudo Blues,3:10,QZDA52378038
2023-02-10,Distant Bells For Surgical Minds,EP,Zazie Productions,Sound System: Neocortex Activation,2:16,QZDA52378036
2023-02-10,Distant Bells For Surgical Minds,EP,Zazie Productions,The Anti-Poster Child,3:42,QZDA52378037
2023-02-10,Distant Bells For Surgical Minds,EP,Zazie Productions,Time Shifting Into Daylight,5:04,QZDA52378041
2023-03-23,Miraculously Unhurt,Single,Zazie Productions,Miraculously Unhurt,2:05,QZHN32386894
2023-04-28,To Halt Space Adrift,Album,Zazie Productions,Echopraxia,1:20,QZHNC2389725
2023-04-28,To Halt Space Adrift,Album,Zazie Productions,Exfoliating Flower,4:24,QZHNC2389721
2023-04-28,To Halt Space Adrift,Album,Zazie Productions,Gainax Ending,4:48,QZHNC2389727
2023-04-28,To Halt Space Adrift,Album,Zazie Productions,Grief Is A Hot Commodity,4:01,QZHNC2389722
2023-04-28,To Halt Space Adrift,Album,Zazie Productions,Phases of Trichromatic Being,5:16,QZHNC2389719
2023-04-28,To Halt Space Adrift,Album,Zazie Productions,Pivot and Deflect,6:08,QZHNC2389720
2023-04-28,To Halt Space Adrift,Album,Zazie Productions,Pseudologia Fantastica,3:07,QZHNC2389723
2023-04-28,To Halt Space Adrift,Album,Zazie Productions,The Preist From a Pinch of Sand,4:43,QZHNC2389726
2023-07-08,Vermiform,Album,Zazie Productions,Cow-O-Matic,0:29,QZNWS2365712
2023-07-08,Vermiform,Album,Zazie Productions,Eventual Conviction,2:40,QZNWS2365716
2023-07-08,Vermiform,Album,Zazie Productions,Horseman of The Apocalypse,3:48,QZNWS2365711
2023-07-08,Vermiform,Album,Zazie Productions,Man Who Cries (Hollow Sea),3:52,QZNWS2365710
2023-07-08,Vermiform,Album,Zazie Productions,Moving in Perpetual Slumber,1:52,QZNWS2365717
2023-07-08,Vermiform,Album,Zazie Productions,Penchant For Riddles,3:32,QZNWS2365714
2023-07-08,Vermiform,Album,Zazie Productions,Polyanna Carnival,3:56,QZNWS2365713
2023-07-08,Vermiform,Album,Zazie Productions,Vermiform,2:40,QZNWS2365715
2023-09-19,A Long Way From Nowhere,Album,Zazie Productions,Armrest of This Threadbare,4:20,QZTAZ2370356
2023-09-19,A Long Way From Nowhere,Album,Zazie Productions,Due To Circumstances Beyond Our Control,4:10,QZTAZ2370360
2023-09-19,A Long Way From Nowhere,Album,Zazie Productions,Hounds of Shame,4:28,QZTAZ2370354
2023-09-19,A Long Way From Nowhere,Album,Zazie Productions,I'm Never Enough (I'm Always Too Much),1:28,QZTAZ2370358
2023-09-19,A Long Way From Nowhere,Album,Zazie Productions,Paracosm,1:10,QZTAZ2370357
2023-09-19,A Long Way From Nowhere,Album,Zazie Productions,To Abide and Endure,4:38,QZTAZ2370355
2023-09-19,A Long Way From Nowhere,Album,Zazie Productions,Weaponized Apathy,2:49,QZTAZ2370359
2023-12-19,Greetings From Tinsel Time,Album,Zazie Productions,Black Fr1day: Jingle No. 2,0:20,QZWFP2369651
2023-12-19,Greetings From Tinsel Time,Album,Zazie Productions,Dead in The Sand: Jingle No. 1,0:12,QZWFP2369645
2023-12-19,Greetings From Tinsel Time,Album,Zazie Productions,Everyone is Happy (feat. Unwashed Miscreant),3:02,QZWFP2369655
2023-12-19,Greetings From Tinsel Time,Album,Zazie Productions,Frostbite Fantasia,6:29,QZWFP2369650
2023-12-19,Greetings From Tinsel Time,Album,Zazie Productions,"Goodnight, Farewell",0:42,QZWFP2369657
2023-12-19,Greetings From Tinsel Time,Album,Zazie Productions,Holiday Treat™ For You,0:50,QZWFP2369653
2023-12-19,Greetings From Tinsel Time,Album,Zazie Productions,Hues Adorned in White,0:54,QZWFP2369648
2023-12-19,Greetings From Tinsel Time,Album,Zazie Productions,Hues Adorned in White (Interlude),0:07,QZWFP2369647
2023-12-19,Greetings From Tinsel Time,Album,Zazie Productions,Long Way To Go (feat. Unwashed Miscreant),3:17,QZWFP2369646
2023-12-19,Greetings From Tinsel Time,Album,Zazie Productions,Oh Alas! Christmas,4:44,QZWFP2369656
2023-12-19,Greetings From Tinsel Time,Album,Zazie Productions,The Reindeers are Running,4:37,QZWFP2369649
2023-12-19,Greetings From Tinsel Time,Album,Zazie Productions,Xmas Cheer (Not Fully Here​)​: Jingle No. 3,0:22,QZWFP2369654
2023-12-19,Greetings From Tinsel Time,Album,Zazie Productions,Yuletide Malfunction: Acoustic Anomaly,5:42,QZWFP2369652
2024-03-20,Stutter to stammer (Super Deluxe Edition),Album,Zazie Productions,Arc Trench Complex,0:16,QZHN82421406
2024-03-20,Stutter to stammer (Super Deluxe Edition),Album,Zazie Productions,Beneath The Sun,2:02,QZHN82421429
2024-03-20,Stutter to stammer (Super Deluxe Edition),Album,Zazie Productions,By The Skin Of Your Teeth,1:04,QZHN82421408
2024-03-20,Stutter to stammer (Super Deluxe Edition),Album,Zazie Productions,Chattering Voices,0:40,QZHN82421423
2024-03-20,Stutter to stammer (Super Deluxe Edition),Album,Zazie Productions,Cheaper Impressions,4:29,QZHNA2257492
2024-03-20,Stutter to stammer (Super Deluxe Edition),Album,Zazie Productions,Dull Exhalation No. 1,0:48,QZHN82421413
2024-03-20,Stutter to stammer (Super Deluxe Edition),Album,Zazie Productions,Dull Exhalation No. 2,1:07,QZHN82421414
2024-03-20,Stutter to stammer (Super Deluxe Edition),Album,Zazie Productions,Electromagnetic Transmission,0:48,QZHN82421427
2024-03-20,Stutter to stammer (Super Deluxe Edition),Album,Zazie Productions,Erhu's Vacuum Expansion,2:53,QZHNA2257490
2024-03-20,Stutter to stammer (Super Deluxe Edition),Album,Zazie Productions,Forgotten Fragment 02/05/20,0:36,QZHN82421405
2024-03-20,Stutter to stammer (Super Deluxe Edition),Album,Zazie Productions,Gregorian Synthetic,0:24,QZHN82421412
2024-03-20,Stutter to stammer (Super Deluxe Edition),Album,Zazie Productions,Harp Expansion (Deleted Outtake),1:06,QZHN82421407
2024-03-20,Stutter to stammer (Super Deluxe Edition),Album,Zazie Productions,Interlude No. 1,0:14,QZHN82421415
2024-03-20,Stutter to stammer (Super Deluxe Edition),Album,Zazie Productions,Interlude No. 2,0:28,QZHN82421419
2024-03-20,Stutter to stammer (Super Deluxe Edition),Album,Zazie Productions,List of Russian Spies on Wikipedia,2:34,QZHNA2257489
2024-03-20,Stutter to stammer (Super Deluxe Edition),Album,Zazie Productions,Occupational Hazards,2:14,QZHN82421404
2024-03-20,Stutter to stammer (Super Deluxe Edition),Album,Zazie Productions,Penitence,2:00,QZHN82421422
2024-03-20,Stutter to stammer (Super Deluxe Edition),Album,Zazie Productions,Plastic Filaments,0:16,QZHN82421416
2024-03-20,Stutter to stammer (Super Deluxe Edition),Album,Zazie Productions,Propellant in The Wind,2:00,QZHN82421425
2024-03-20,Stutter to stammer (Super Deluxe Edition),Album,Zazie Productions,Sailcloth The Emblems,0:58,QZHN82421417
2024-03-20,Stutter to stammer (Super Deluxe Edition),Album,Zazie Productions,Scrappy Collage 09/23/20,1:28,QZHN82421424
2024-03-20,Stutter to stammer (Super Deluxe Edition),Album,Zazie Productions,Serafines and Hummers,1:57,QZHN82421418
2024-03-20,Stutter to stammer (Super Deluxe Edition),Album,Zazie Productions,Sitar Expansion,1:28,QZHN82421410
2024-03-20,Stutter to stammer (Super Deluxe Edition),Album,Zazie Productions,Small Transitory Life,2:00,QZHN82421428
2024-03-20,Stutter to stammer (Super Deluxe Edition),Album,Zazie Productions,Staves Above The Ground,2:02,QZHN82421430
2024-03-20,Stutter to stammer (Super Deluxe Edition),Album,Zazie Productions,Stokes Diapir,1:38,QZHN82421420
2024-03-20,Stutter to stammer (Super Deluxe Edition),Album,Zazie Productions,Stutter Me Not (Outro),2:06,QZHNA2257493
2024-03-20,Stutter to stammer (Super Deluxe Edition),Album,Zazie Productions,Subliminal Failures,3:05,QZHNA2257491
2024-03-20,Stutter to stammer (Super Deluxe Edition),Album,Zazie Productions,Suture Disruption (Percussive),1:47,QZHN82421426
2024-03-20,Stutter to stammer (Super Deluxe Edition),Album,Zazie Productions,Tetratonic Scale,0:39,QZHN82421409
2024-03-20,Stutter to stammer (Super Deluxe Edition),Album,Zazie Productions,Treatment Resistant,1:04,QZHN82421421
2024-03-20,Stutter to stammer (Super Deluxe Edition),Album,Zazie Productions,Vox Piscis,2:02,QZHN82421411
2024-12-23,Greetings From Tinsel Time (Super Deluxe Edition),Album,Zazie Productions,"90​º​N, 135​º​W: Signal Lost",0:29,QT3F32415922
2024-12-23,Greetings From Tinsel Time (Super Deluxe Edition),Album,Zazie Productions,Bells Mini Sequence (Recorded at -3​°​C),0:33,QT3F32415925
2024-12-23,Greetings From Tinsel Time (Super Deluxe Edition),Album,Zazie Productions,Black Fr1day: Jingle No. 2,0:20,QZWFP2369651
2024-12-23,Greetings From Tinsel Time (Super Deluxe Edition),Album,Zazie Productions,Dead in The Sand: Jingle No. 1,0:12,QZWFP2369645
2024-12-23,Greetings From Tinsel Time (Super Deluxe Edition),Album,Zazie Productions,Everyone is Happy (feat. Unwashed Miscreant) [Remastered 2024],3:02,QT3F32415937
2024-12-23,Greetings From Tinsel Time (Super Deluxe Edition),Album,Zazie Productions,Frost Directive XIII (Broadcast Leak ID: BLZRD​-​741),1:39,QT3F32415939
2024-12-23,Greetings From Tinsel Time (Super Deluxe Edition),Album,Zazie Productions,Frostbite Fantasia,6:29,QZWFP2369650
2024-12-23,Greetings From Tinsel Time (Super Deluxe Edition),Album,Zazie Productions,Frosthorn Waltz (Discarded Cut: Left in the Reindeer Stable),1:37,QT3F32415932
2024-12-23,Greetings From Tinsel Time (Super Deluxe Edition),Album,Zazie Productions,"Goodnight, Farewell",0:42,QZWFP2369657
2024-12-23,Greetings From Tinsel Time (Super Deluxe Edition),Album,Zazie Productions,Holiday Treat™ For You (Expanded Version),2:01,QT3F32415927
2024-12-23,Greetings From Tinsel Time (Super Deluxe Edition),Album,Zazie Productions,Hollybone Mausoleum (Previously Lost in Avalanche),1:50,QT3F32415929
2024-12-23,Greetings From Tinsel Time (Super Deluxe Edition),Album,Zazie Productions,Holly​-​Flecked Amphibians at the Iceberg Baptism (Previously Mummified in Wrapping Paper),1:01,QT3F32415934
2024-12-23,Greetings From Tinsel Time (Super Deluxe Edition),Album,Zazie Productions,Hues Adorned in White (2024 Remastered),0:54,N/A
2024-12-23,Greetings From Tinsel Time (Super Deluxe Edition),Album,Zazie Productions,Hues Adorned in White (Interlude) [Remastered 2024],0:07,N/A
2024-12-23,Greetings From Tinsel Time (Super Deluxe Edition),Album,Zazie Productions,I'm Not Coming Home,1:16,QT3F32415928
2024-12-23,Greetings From Tinsel Time (Super Deluxe Edition),Album,Zazie Productions,Legs Are Cold and Frozen Ice (Unfinished Due to Hyperthermia Death),0:30,QT3F32415921
2024-12-23,Greetings From Tinsel Time (Super Deluxe Edition),Album,Zazie Productions,Let it Snow! Let it Snow! Let it Snow! (Demo),1:05,QT3F32415936
2024-12-23,Greetings From Tinsel Time (Super Deluxe Edition),Album,Zazie Productions,Long Way To Go (feat. Unwashed Miscreant),3:14,QZWFP2369646
2024-12-23,Greetings From Tinsel Time (Super Deluxe Edition),Album,Zazie Productions,"Lorem Ipsum, Let It Snow (Ad Infinitum)",0:17,QT3F32415935
2024-12-23,Greetings From Tinsel Time (Super Deluxe Edition),Album,Zazie Productions,Nocturne for a Frozen Hearth (Bonus Track),2:27,QT3F32415940
2024-12-23,Greetings From Tinsel Time (Super Deluxe Edition),Album,Zazie Productions,Oh Alas! Christmas (Remastered 2024),4:38,QT3F32415930
2024-12-23,Greetings From Tinsel Time (Super Deluxe Edition),Album,Zazie Productions,Oh! Gloria​’​s Requiem (Previously Left Behind in the Iceberg Catacombs),1:51,QT3F32415931
2024-12-23,Greetings From Tinsel Time (Super Deluxe Edition),Album,Zazie Productions,Petroleum Angels in Snowfall,2:07,QT3F32415923
2024-12-23,Greetings From Tinsel Time (Super Deluxe Edition),Album,Zazie Productions,Serfdom of The Snow and Hail: Jingle No. 4,1:04,QT3F32415938
2024-12-23,Greetings From Tinsel Time (Super Deluxe Edition),Album,Zazie Productions,"Sweater Elbows, Collateral Damage",1:16,QT3F32415926
2024-12-23,Greetings From Tinsel Time (Super Deluxe Edition),Album,Zazie Productions,The Reindeers Are Running,4:37,QZWFP2369649
2024-12-23,Greetings From Tinsel Time (Super Deluxe Edition),Album,Zazie Productions,Xmas Cheer (Not Fully Here​​​)​​​: Jingle No. 3 (Remastered 2024),0:22,N/A
2024-12-23,Greetings From Tinsel Time (Super Deluxe Edition),Album,Zazie Productions,Yuletide Malfunction: Acoustic Anomaly (2024 Remastered),5:42,N/A
2025-03-05,Spectral Ode to Synesthesia,Single,Zazie Productions,Spectral Ode to Synesthesia,8:55,QZHN92568085
2025-06-22,Quark Omelette For The Sin-Eaters’ Union! (feat. Zazie Productions),Single,Unwashed Miscreant,"Oh! Papa Scorpion, Hellfire Rises! (feat. Zazie Productions)",0:51,QZTB82562125
2025-06-22,Quark Omelette For The Sin-Eaters’ Union! (feat. Zazie Productions),Single,Unwashed Miscreant & Hazzard Rune,Triangular Nordic Backwards Latvian Schlangel (feat. Zazie Productions),2:14,QZTB82562126
2025-12-18,Opaline Lament (Life From The Beyond),Single,Zazie Productions,Opaline Lament (Life From The Beyond),2:24,QT6G22561538
2026-04-08,Briquette Screaming Slaughter Profit (feat. Zazie Productions),Single,Unwashed Miscreant,I Love Everything About You (feat. Zazie Productions),2:25,QZTBE2624214
2026-04-08,Briquette Screaming Slaughter Profit (feat. Zazie Productions),Single,Unwashed Miscreant,Phenyl Dichloroarsine (Basin Certainty) (feat. Zazie Productions),1:07,QZTBE2624213
2026-04-17,Sellotape (Super Deluxe Edition),Album,Zazie Productions,Bell Fragment in Passing,0:15,QZWFJ2667752
2026-04-17,Sellotape (Super Deluxe Edition),Album,Zazie Productions,Cryptic Epilogue,2:37,N/A
2026-04-17,Sellotape (Super Deluxe Edition),Album,Zazie Productions,Cryptic Epilogue No. 2,2:59,QZWFJ2667747
2026-04-17,Sellotape (Super Deluxe Edition),Album,Zazie Productions,Dismal Movie Scene No. 2,2:56,QZWFJ2667751
2026-04-17,Sellotape (Super Deluxe Edition),Album,Zazie Productions,Elegy for the Unspoken,2:47,QZWFJ2667748
2026-04-17,Sellotape (Super Deluxe Edition),Album,Zazie Productions,Gossamer Moon,0:40,QZWFJ2667744
2026-04-17,Sellotape (Super Deluxe Edition),Album,Zazie Productions,Gravity in Formal Wear,2:54,QZWFJ2667745
2026-04-17,Sellotape (Super Deluxe Edition),Album,Zazie Productions,Hollow Meridian,2:36,QZWFJ2667754
2026-04-17,Sellotape (Super Deluxe Edition),Album,Zazie Productions,Hymn for the Inverted Steeple,2:27,QZWFJ2667753
2026-04-17,Sellotape (Super Deluxe Edition),Album,Zazie Productions,Interlude (Left on the Tape),0:18,QZWFJ2667749
2026-04-17,Sellotape (Super Deluxe Edition),Album,Zazie Productions,Metric Slip / Ostinato (Demo),2:16,QZWFJ2667746
2026-04-17,Sellotape (Super Deluxe Edition),Album,Zazie Productions,Organized Chaos,2:30,QZK6Q2297871
2026-04-17,Sellotape (Super Deluxe Edition),Album,Zazie Productions,Organized Chaos No. 2 / Bell Tower's Descent,2:25,QZWFJ2667750
2026-04-17,Sellotape (Super Deluxe Edition),Album,Zazie Productions,Outro,0:39,QZK6Q2297874
2026-04-17,Sellotape (Super Deluxe Edition),Album,Zazie Productions,Rapscallions,1:21,QZK6Q2297867
2026-04-17,Sellotape (Super Deluxe Edition),Album,Zazie Productions,Requiem in the Brumal Season,2:22,QZWFJ2667742
2026-04-17,Sellotape (Super Deluxe Edition),Album,Zazie Productions,Rhapsody of the Unplayable Hand,1:46,QZWFJ2667755
2026-04-17,Sellotape (Super Deluxe Edition),Album,Zazie Productions,Song for Phillip Glass and Moondog,1:55,QZK6Q2297868
2026-04-17,Sellotape (Super Deluxe Edition),Album,Zazie Productions,The Dismal Movie Scene,2:42,QZK6Q2297873
2026-04-17,Sellotape (Super Deluxe Edition),Album,Zazie Productions,Ulam Spiral No. 1,3:24,QZK6Q2297869
2026-04-17,Sellotape (Super Deluxe Edition),Album,Zazie Productions,Ulam Spiral No. 2,2:26,QZK6Q2297870
2026-04-17,Sellotape (Super Deluxe Edition),Album,Zazie Productions,Ulam Spiral No. 3,1:43,QZWFJ2667743
2026-05-19,Anesthesia for the Signal Age,Album,Zazie Productions,7.4mm Under Orange Lights,0:56,QZZ7T2639034
2026-05-19,Anesthesia for the Signal Age,Album,Zazie Productions,CRT-204 Bone Static,2:19,QZZ7T2639039
2026-05-19,Anesthesia for the Signal Age,Album,Zazie Productions,DNA Fragment AGTCCTGAA,0:35,QZZ7T2639037
2026-05-19,Anesthesia for the Signal Age,Album,Zazie Productions,Needle In The Nerve,1:12,QZZ7T2639040
2026-05-19,Anesthesia for the Signal Age,Album,Zazie Productions,O- / 97.8°F / UPS Tracking #1Z84A91,1:28,QZZ7T2639038
2026-05-19,Anesthesia for the Signal Age,Album,Zazie Productions,"Post-Carbon Signal Rot Comunion 55.7558° N, 37.6173° E",3:02,QZZ7T2639036
2026-05-19,Anesthesia for the Signal Age,Album,Zazie Productions,Quarter-Eater Poltergeist,0:56,QZZ7T2639041
2026-05-19,Anesthesia for the Signal Age,Album,Zazie Productions,Slippage Beyond The Hyperlink,2:15,QZZ7T2639033
2026-05-19,Anesthesia for the Signal Age,Album,Zazie Productions,Spectral Ode to Synesthesia,8:55,QZHN92568085
2026-05-19,Anesthesia for the Signal Age,Album,Zazie Productions,Vibroscriptorium,4:32,QZYB42573153
